Id,NCJW RM TPH Total Mll Feed,NCJW RM TPH BASALT WF  D19A,NCJW RM TPH IRON WF  D19,NCJW RM TPH LGLS WF D7,NCJW RM TPH CLAY WF  D15,NCJW RM TPH LGLS WF  D3,NCJW RM TPH HGLS WF  D11,NCJW RM CONTR MILL FEED SPA,NCJW RM CURRENT RM CLASSIFIER D29_1,NCJW RM SPD RMILL CLASSIFIER,NCJW RM VIB BODY D29,NCJW RM VIB GB  D29,NCJW RM DRAFT INLET,NCJW RM TEMP INLET,NCJW RM ACT INLET POSITION D40,NCJW RM TEMP EXIT,NCJW RM DRAFT EXIT,NCJW RM SPD RM ID FAN  D62,NCJW RM CURRENT RM ID FAN MOT  D62,NCJW RM ACT POSITION D61,NCJW RM VIB ID FAN  D62,NCJW RM TEMP ID FAN INLET  D62,NCJW RM PRESS HSS OPERATING,NCJW RM CURRENT RMILL MAIN MOT  D29,NCJW BH PRESS D50 BHOUSEDIFF D50,NCJW BH SPD BH ID FAN D53,NCJW BH CURRENT BH ID FAN D53,NCJW BH TEMP BHOUSEINLET D50,NCJW BH POSI BH ID FAN DMP POSI FB D52,NCJW XRF RM ECS RES212,SalePrice
1,268.7,2.3,13.2,-0.4,9,41.8,202.8,486.8,187.7,59.7,7.3,0.5,60.9,223.9,96.2,86.1,740.3,779.5,1294.6,96.9,0.8,79.4,60.5,164.4,86.4,584.1,36.2,244.1,96.2,2.3,484.1
2,279.8,2.4,13.7,-0.4,9.5,10.2,244.4,490,190.8,60,7.5,0.5,50,216.8,96.2,85.4,735.8,778.6,1299.4,96.9,0.8,78.9,60.7,163.6,88.9,575,34.4,246.2,96.1,2.3,483
3,268.7,2.3,13.3,-0.4,9.1,9.8,234.5,490,190.3,60,7.2,0.5,50,220.5,96.2,83.3,745.2,778.8,1292.8,96.9,0.8,77.1,60.6,166.8,85.8,567.8,33.2,243.5,96.2,2.3,491.1
4,271.4,2.3,14.6,-0.4,9.2,9.8,235.8,490,190.1,60,7,0.4,50.2,216.8,96.2,83.7,743.2,779.6,1295.9,96.9,0.8,77.3,60.6,166.1,89.8,571.4,33.8,241,96.2,2.4,489.5
5,263.6,2.3,7.1,-0.4,9.2,40.7,204.6,490,197.6,61.9,6.6,0.4,49.5,216.6,96.2,84.7,749.2,778.9,1283.9,96.9,0.8,77.8,60.4,165.7,86.8,569.7,33.3,242.2,96.2,2.5,489.2
6,260,2.3,11.1,-0.4,8.9,63.3,174.7,490,198.8,62,6.3,0.4,56.2,204.4,96.2,82.9,760.4,778.8,1271,96.9,0.8,76.4,60.3,168.7,88,540.6,29.4,230.4,96.3,2.5,491.8
7,258.7,2.2,9.7,-0.4,8.9,40.1,198.1,490.3,198.7,62,6.1,0.4,53.9,212.2,96.2,82.1,750.2,778.7,1272.4,96.9,0.8,75.7,60,169.6,83,522.8,26.7,224.4,96.3,2.4,499
8,277.2,1,13.6,-0.4,9,36.8,217.1,495,197.9,61.2,6.8,0.4,51.5,213.2,96.2,81.9,728.3,780.1,1298.5,96.9,0.8,76,60,167,86.2,522.7,26.8,222.4,96.3,1.8,492.6
9,274.5,1,13.4,-0.3,6.9,36.8,216.9,495,197.4,61,6.7,0.4,52.2,212.6,96.2,78.8,735.5,778.4,1292,96.9,0.8,74,60.2,169.8,84.5,519.2,26.5,218.7,96.4,1.8,495.8
10,278.2,1,4.8,-0.4,6.8,38.6,227.4,495,196.1,60.1,6.5,0.4,55.1,217.9,96.2,80.7,765.3,794,1349,96.9,0.8,76.5,60.5,171.1,84.6,518.6,26.4,220.3,96.4,2,498
11,284.6,1,0,0.1,5.7,34.2,243.6,495,196.4,60,6.8,0.4,56.3,219.8,96.2,83.2,777.2,798.8,1370.3,96.9,0.9,79.6,60.7,169.6,86.6,522.1,26.8,219.3,96.5,2.1,480.8
12,275.1,1,0,6.7,5.5,26.2,235.7,495,195.2,60,6.1,0.4,54.9,221.2,96.1,83.2,786.2,799.3,1352.8,96.9,0.9,79.4,60.9,171.5,87.3,521.2,26.6,220.9,96.7,2.2,502.4
13,275.5,1,0,6.7,6.1,21.4,240.3,495,194.3,60,6.1,0.4,56.4,219.6,96.1,83.2,792.4,799.5,1348,96.9,0.9,79.7,61,172,84.8,516.8,26,220.3,96.6,2.2,498.6
14,276.7,1,0,6.7,6.4,18.7,243.9,495,197.3,60.7,6.3,0.4,59.1,211.9,96.1,83.9,799,800.9,1365.5,96.9,0.9,78.6,60.7,170.5,86.3,512.7,25.5,213.2,96.6,2.2,493.8
15,276.1,1.1,0,6,6.7,19.9,242.5,495,198.6,61,6.1,0.4,55.8,208.4,96,82.6,795.5,799.5,1356.7,96.9,0.9,77.4,60.6,171.7,89.4,513.5,25.9,218.8,96.8,2.1,494.8
16,273,1.5,0,2.5,7.4,35,226.6,495,197.3,61,6.1,0.4,57.3,209.5,96,82.8,801.4,799.4,1351.4,97,0.9,77.9,60.6,172,106.1,512.6,25.9,215.5,96.8,2,487.8
17,278,1.5,0,-0.3,7.3,13.5,256,495,199.9,60.9,5.4,0.4,59.6,220.4,96,82.8,819.4,801.5,1326.8,97,0.9,77.9,60.8,177.2,151,510.7,25.7,207.3,96.8,2,499
18,280.5,1.4,0,0.1,6.8,13.6,258.5,495,196.5,60.8,6.7,0.4,61,209.4,96,83.4,772.4,799.3,1367.5,97,0.9,79.6,60.5,168.5,128.5,507.3,25.3,205.3,96.8,2.3,499.5
19,273.3,1,0,6.6,6,13,246.7,495,196.1,61,6.5,0.4,62.1,216.8,96,84.8,774.7,800.1,1361.5,96.9,0.9,81.3,60.6,169.6,92.1,516.8,26.2,201.6,96.7,2.5,511.3
20,268.9,0.9,0,6.7,5.9,12.8,242.5,495,192.8,61,7.7,0.5,58.8,208.4,96,84.6,750,801,1394.2,96.9,0.9,81.7,60.6,164.9,93.7,519.6,26.4,206.5,96.6,2.2,499.2
21,268.7,0.9,0,9.1,5.9,12.6,240.1,495,192.9,61,8,0.5,54.6,202.2,96.1,83.6,751.1,799.8,1402.8,96.9,0.9,78.6,60.9,167,90.8,516.7,26.5,210.1,96.4,2.4,504.7
22,268.6,0.9,0,13.1,5.9,12.4,236.1,495,193.4,61,7.4,0.5,52.9,210.1,96.1,85.9,760.9,800.8,1391.5,96.9,0.9,80.8,60.9,167.3,95.6,528.8,28,219.3,96.1,2.7,507.5
23,265,0.8,0,14.1,6,42,201.9,495,195.9,61,6.7,0.4,55,222.9,96.1,88.8,782.4,793,1329.8,96.9,0.8,83.3,60.9,169,89.4,581.3,35.5,235.9,96.1,2.5,511.2
24,263.7,0,0,13.4,7.5,36,206.8,497.8,194.9,61,7.2,0.4,52.6,217.1,96,88.8,772.6,791.3,1330.5,96.9,0.8,83,60.7,166.2,93.4,580.3,35.4,235.8,96.4,2.4,500.2
25,270,0,0,9.1,8.1,25.3,227.5,502.7,195.2,61,7.3,0.5,51.6,208,96,83.9,776.3,791.5,1349.2,96.9,0.8,78.4,60.8,168.3,94.6,580.1,35.2,236.9,96.5,2.3,502.8
26,267,0,0,9,8,54,195.8,501.1,196,61,7.2,0.5,51.9,212,96.1,84.3,776.2,791.3,1342.4,96.9,0.8,78,60.7,167.9,93.4,579.7,35.1,237,96.4,2.3,502.4
27,269,0,0,12.1,7.6,46.8,202.5,500,196.9,61,7,0.4,51.1,218.1,96.1,87.3,779.9,791.2,1328.5,96.9,0.8,80.7,60.4,167.1,94.1,581.7,35.5,233.7,96.3,2.3,502.2
28,267.6,0,0,14.3,7.5,12.3,233.4,500,193.4,61,7.3,0.4,49.1,209.4,96.2,85.7,768.6,791.4,1341.5,97,0.8,79.5,60.3,166.7,93.9,582.3,35.2,238.7,96.2,2.3,499.6
29,271.2,0,0,14.8,7.6,12.4,236.3,500,195.4,61,7.2,0.4,49.4,208.3,96.1,85.3,777.9,791.2,1340.4,96.9,0.8,79,60.3,167.1,91.4,579.6,34.7,238,96.4,2.3,500.6
30,261.8,0,0,16.4,6.8,11.9,226.5,500,192.8,61,7.5,0.5,50.2,194.9,96.2,81.7,776.6,790.2,1342.3,96.9,0.8,75.9,60.1,168,78.6,533.7,28.9,224.9,96.5,2.5,499.8
31,262.8,0.2,0,16.7,6.9,12,227.1,500,192.6,61,7.1,0.4,59,212.7,96.2,84.6,781.1,792.1,1336.6,96.9,0.8,78.3,60,168.5,86,543.5,30.3,220.7,96.4,2.4,498.5
32,268.1,0.9,0,18.3,7,18.6,223.2,500,196,61,6.2,0.4,51.2,206.1,96.2,82.7,803,799,1360.8,96.9,0.9,76.6,60,170.1,90.5,532.7,28.4,214.3,96.5,2.3,513.4
33,263.2,0.9,0,21.7,6.9,80,153.5,500,194.1,60,6.4,0.4,59.8,207.4,96.1,84.7,816.7,804.1,1377.6,96.8,0.9,78.6,59.9,167.9,134.4,524.7,27.4,217.3,96.5,2.3,516.2
34,239,0.8,0,19.6,6.3,212.3,0.1,500,193.5,60,6,0.4,71.7,208.7,96.1,83.5,832.2,807.1,1403.7,98.3,0.9,78.2,60,170.7,122.3,520,26.9,221.9,96.4,2.4,518
35,249.6,0.9,0,20,6.5,219.1,3.2,500,196.6,60,5.9,0.4,74,211.3,96.1,82.8,842.6,816.6,1450.4,98.3,1,78.7,60.2,171.4,125,519.7,26.9,221.4,96.6,2.4,535.7
36,246.6,0.9,0,17.4,6.4,218.6,3.2,500,196.3,60,6.3,0.4,69.7,215.7,96.1,84.7,820,805.9,1394.1,98.3,0.9,81,60.5,170.3,100.1,511.4,25.6,223.7,96.6,2.3,530
37,255.1,1.5,0,15.2,7.3,73.2,157.9,500,191.9,59.6,6.9,0.4,57.6,217.3,96.1,87,783.7,800.8,1374.9,98.3,0.9,81.9,60.2,165.5,59.6,494.8,23.5,221.2,96.7,2.2,510.7
38,267.2,1.8,0,7,8.2,37.5,212.7,500,191.6,59.7,7.6,0.5,43,212.1,96.1,85.5,771.3,800,1391.1,98.3,0.9,80.2,60.1,165.5,89.2,551.8,30.9,239,96.6,2.2,509.4
39,269.7,1.7,0,1.9,8.1,56,202.1,500,192.4,60,7.6,0.5,41.7,211.5,96.1,84.7,767.2,799.6,1391,98.3,0.9,79.5,60.1,165.8,94,563.6,32.4,238.3,96.6,2.3,507.4
40,269.7,1,0,5,7.2,18.5,238.2,500,190.7,60,7.9,0.5,44.8,209.8,96,86.3,759.9,799.1,1385.9,98.3,0.9,81.3,60.2,163.9,93.6,569.3,33.3,240.7,96.7,3,496.9
41,270.1,1,0.1,0.7,7.2,56,205.2,500,191.7,60,7.9,0.5,45.5,207.6,96,85.6,763.4,799,1382.5,98.3,0.9,80.7,60.3,163.8,93.6,573.5,33.5,240,96.8,2.8,487
42,265.6,0.9,1.7,-0.3,7,19.4,236.8,500,191.3,60,7.2,0.5,66.1,218.4,96,84,784.5,798.8,1349.8,98.3,0.9,79.9,60.5,167.1,91.5,548.8,30,215.3,96.7,2.9,493.2
43,267.9,1,1.1,-0.4,7.2,17.9,241,500,188.1,60,9.2,0.6,60.4,196.8,96,82.8,749.7,799.2,1413.6,98.3,0.9,80,60.3,161.1,91.2,543.5,29.4,227.7,96.8,2.6,478.9
44,269.3,1,1.1,-0.4,7.2,18.2,242.1,495.8,187.8,60,8.9,0.6,59.7,199.1,96,82.2,753,800,1413.4,98.3,0.9,79.1,60.8,163.2,93.3,551,30.2,227.4,96.7,2.3,479.4
45,266.8,1.5,1.1,-0.4,7.2,18,239.3,480,188.3,60,8.1,0.5,61.4,213.6,96,86,758.1,799.5,1387.1,98.3,0.9,81.9,60.9,165.6,90.8,535.3,28.9,216.9,96.7,2.5,479.7
46,267.8,1.5,1.4,-0.4,7.2,17.8,240.2,480,191.3,60.8,8.7,0.5,55.3,202,96.1,85.1,756.3,798.8,1396.7,98.3,0.9,80.2,60.7,162.3,93.6,537.1,28.7,225.6,96.4,2.9,486.8
47,261.9,1.5,4.4,-0.4,6.9,28,221.6,486,196.8,62,8.5,0.5,53.8,194.8,96.2,80.8,766.7,795.4,1391.5,98.3,0.9,75.4,60.8,167,91.9,535.2,28.9,227.1,95.8,2.7,503.6
48,260.8,1.2,3.6,-0.4,6.1,66.4,183.8,492,201,62,7.5,0.5,51.5,193.6,96.2,82.4,775.6,793.8,1371.6,98.3,0.8,76.4,60.5,166.1,93.7,538.9,29.2,230.1,95.6,2.5,504
49,265,1.4,3.5,-0.4,6.2,12.7,241.6,497.9,199,62,8.2,0.5,52.5,196.9,96.2,80.4,768.4,794.2,1388.9,98.3,0.8,76.2,60.3,165.7,90.4,534.1,28.4,228.5,95.7,2.3,505.7
50,263.9,2,6.6,-0.4,6.2,12.5,237,499.1,194.4,61.3,7.8,0.5,51.2,197.5,96.2,80,766.5,793,1377.9,98.3,0.8,76.1,60.5,165.9,92.9,541.8,28.8,230.4,96,2.3,508.2
51,265.9,1.9,6.3,-0.4,6.2,12.6,239.2,500,193.9,61,7.5,0.5,50.6,198,96.2,80,768.5,790.9,1361.7,98.3,0.8,75.6,60.4,166.1,93,540.7,28.9,230.6,96.2,2.3,506.5
52,267.2,1.5,5.2,-0.4,6.3,12.7,241.9,504.2,195.4,61,7.2,0.4,51.4,196.2,96.1,79.5,779.9,790.4,1352.9,98.3,0.8,75,60.2,166.7,92.9,537.8,28.8,225.9,96.2,2.5,509.2
53,266.2,1.4,6.1,-0.4,6.2,12.6,240.2,505,194.1,61,7.3,0.4,50,206.7,96.1,82,777.4,794.8,1369.6,98.3,0.8,76.6,59.9,167.8,96,556.6,32,225,96.2,2.6,510.5
54,270.9,1.2,2.7,-0.4,5.8,13.1,248.5,505,195.3,61,7.7,0.4,42.6,212.3,96.2,85.5,770,798.3,1385,98.3,0.9,79.7,59.7,165,95.4,566.3,33.9,230.5,96.3,2.2,501.4
55,269.3,1.2,2.3,-0.4,5.8,13,247.3,505,202.7,62.5,7,0.4,43.9,213.2,96.2,83.5,790.2,799,1380,98.3,0.9,78.1,59.8,168.9,92,564.7,33.3,230.3,96.4,2.1,511.8
56,266.7,1.2,0,0.5,4.8,13,247.3,505,204.4,63,6.8,0.4,43.1,203.8,96.2,82.8,793.4,798.3,1386.7,98.3,0.9,77.3,59.5,167.5,93.1,564,32.9,229.1,96.4,2.3,509.8
57,266.4,1.2,0,7.2,5.7,12.4,239.9,505,201.8,62.5,6.8,0.4,41.8,199,96.2,83.3,789.6,797.7,1386.1,98.3,0.9,78.3,59.5,165.2,93.3,560.6,32.4,233.2,96.4,2.4,510.1
58,265,1.3,0,9.2,6,9.9,238.4,506.4,190.8,60,7.2,0.4,41.9,206.2,96.1,84.6,773.7,797.7,1380.1,98.3,0.9,80.5,59.6,165.4,94.1,560.2,32.6,239.3,96.4,2.6,505.8
59,253.7,1.7,0,9.1,6.8,103.5,132.6,507,190.4,60,7.7,0.5,44.1,207.9,96.1,85.4,752.4,798.3,1402.5,98.3,0.9,81.8,60,163,96.1,566.9,33,240.9,96.6,2.5,498.6
60,265.1,1.7,0,12.1,7.1,44.6,199.6,507,193.9,60,6.8,0.4,44.2,210.8,96.1,86.9,772.2,798,1378.8,98.3,0.9,83.5,60.3,164.6,95.1,562.4,32.3,240.5,96.6,2.9,497.8
61,262.8,1.6,0,14.5,7,10.2,229.5,507,192.8,60,6.1,0.4,56.8,210.7,96.1,83,793,799.2,1358.7,98.3,0.9,79.7,60.3,168.6,87.7,527.2,27,219.2,96.5,2.8,505.6
62,265.9,0.9,0,16.9,7.1,9.6,231.3,505.6,197,60.5,5.9,0.4,41.2,215.6,96.1,87.7,788.2,799.4,1340.9,98.3,0.9,82.2,60,169.5,91.8,529.8,27.9,222.3,96.5,3.5,497
63,268.6,0.9,0,16.9,7.2,9.7,233.8,500,204.1,62,5.6,0.4,41,207,96,83.7,805.7,799.6,1356.4,98.3,0.9,79.4,59.9,169.9,93.1,542.7,29.7,239.4,96.6,3.2,499
64,263.3,0.9,0,14.1,7.8,25.7,214.7,500,202.1,61.8,5.5,0.4,65.9,206.1,96,82.6,836.2,799.4,1337.1,98.3,0.9,78.2,59.8,171.9,97.2,588,35.9,241.5,96.6,2.6,501.1
65,261.9,0.9,0,12.9,7.8,29.3,210.8,500,198,61,5.6,0.4,74,200.6,96,83.3,843.3,799.4,1327.6,98.3,0.9,78.2,59.7,171.7,93.3,589.1,36,240.4,96.6,1.8,498.7
66,264.6,0.9,0,6.9,7.8,24.9,224,500,195.7,60.4,5.9,0.4,62.9,200.6,96,81.2,824.7,794.8,1305.4,98.3,0.8,76.8,59.5,172.2,91.4,569.1,32.5,234.6,96.6,1.8,494.1
67,269.1,0.9,0,3.3,8,25.7,231.2,500,191.6,60,6.6,0.4,49.7,203.4,96,82.2,784.2,799.5,1358.7,98.3,0.9,78.1,59.3,167.1,91.9,539.9,28.6,227.2,96.6,1.9,486.8
68,274.5,1,0,-0.3,8.1,26.6,239.2,500,191.5,60,7.1,0.4,46.1,197.4,96,81.6,770.2,800.9,1383.1,98.3,0.9,78.9,59.3,163.5,94.3,535,28.3,234,96.7,2,492
69,266.3,1.2,0,-0.4,7.8,25.8,231.8,500,189,60,7.1,0.5,52.2,214.5,96,82.3,774.2,800.4,1368.6,98.3,0.9,79.3,59.6,168.1,92.1,535.5,28.5,223.3,96.5,2,499.8
70,272.1,1.4,0,-0.4,7.4,22.3,241.4,500,189.5,60,7.5,0.5,47.2,193.2,96.1,81.4,769.4,799.8,1397.3,98.3,0.9,76.1,59.7,165.6,95.1,534.5,28.6,231.4,96.1,2,498.1
71,272.8,1.2,0.5,-0.4,7.2,14.8,249.4,500,190.1,60,7.2,0.5,50.6,202.3,96.2,81.9,772.1,799,1380.1,98.3,0.9,76.5,59.7,168.1,90.7,531.8,28.5,221.9,95.6,2,500.3
72,268.6,1.2,2.7,-0.4,7.1,81.3,176.6,518.2,193.7,60,6.1,0.4,47.1,210.6,96.2,82.8,794.1,798.4,1345,98.3,0.9,78.1,59.9,171.6,92.3,531.8,28.4,222.2,95.7,2.4,515.2
73,283.3,1.3,3.2,-0.4,7.6,58.9,212.7,525,195.3,60,6,0.4,43.5,200.9,96.2,82,789.6,799.4,1357,98.3,0.9,77.5,59.7,171.3,93.1,531.4,28.4,224.6,95.8,2.5,514.5
74,249.3,1.6,5,-0.4,7.1,160.2,75.7,525,194.3,60,5.7,0.4,45,211.6,96.2,81.1,799.3,798.9,1330.4,98.3,0.9,77.3,59.6,174.1,95,535.5,28.8,219.9,96,2.4,528.8
75,270.9,1.8,5.4,-0.4,7.8,101.9,154.3,525.9,196.5,60,5.6,0.4,46.1,223.3,96.2,84.1,792.5,799,1323.9,98.3,0.9,80.8,59.4,172.1,93.6,532.5,28.2,217.6,96.1,2.4,525.2
76,278.3,1.7,5.9,-0.4,8.5,41.1,221.5,519.5,196.5,60,5.8,0.4,49.7,224.1,96.2,82,793.9,799.4,1346.8,98.3,0.9,79.2,59.2,170.3,94.6,533.5,28.4,217.6,96.1,2.1,518.2
77,277.7,1.3,6.8,-0.4,8.4,45.1,216.4,520,195.8,60,6,0.4,41,226.5,96.2,82.7,778.2,799,1350.1,98.3,0.9,79.8,59.2,169,91.4,515.7,26.2,212.7,96,1.9,517.7
78,279.2,1.3,5.8,-0.4,8.1,26.2,238.3,520,196.1,60,6,0.4,47.1,227.1,96.2,82.3,789,799.3,1346,98.3,0.9,79.3,59.2,171.1,93.5,529.2,28.3,212.9,96.1,2,519.7
79,274.6,1.8,6.9,-0.4,8.7,38.7,219,520,196.2,60,5.9,0.4,43.1,226.4,96.2,83.7,783.8,800.4,1351.7,98.3,0.9,79.4,59,170.4,95,521.7,27.4,211.2,96.1,2.1,519.3
80,274.2,1.8,5.3,-0.4,8.7,38.8,219.9,520,195.4,60,5.9,0.4,40.7,227.6,96.2,84.7,775.8,799.4,1340.6,98.3,0.9,79.9,58.9,170.9,91.7,511.6,26.1,211.1,96.1,2.1,520.1
81,275.5,1.6,2.7,-0.4,8.6,39.4,223.6,520,195.4,60,5.7,0.4,51.7,230.1,96.2,83.6,785,799,1341.7,98.3,0.9,79.6,59.3,171.1,91.9,545,30.7,214.4,96.2,2.1,516.7
82,278,1.6,1.5,-0.4,8.7,40,226.7,520,196.2,60,5.7,0.4,47.7,226.7,96.2,83.1,784.4,799.8,1347.5,98.3,0.9,79.6,59.4,172,95.2,541,30.1,219.6,96.2,2.1,509
83,275.3,1.5,5.6,-0.4,8.4,39,221.1,520,197.1,60,5.5,0.4,46.9,225.9,96.1,82.6,800.6,801.3,1329.8,98.3,0.9,79.1,59.7,175.2,90.8,540,29.3,224.7,96.5,2,501.8
84,277.7,1.5,6.9,-0.4,8.5,39.2,221.9,504.8,199.6,60,5.8,0.4,45.7,221.5,96.1,82.4,794.5,801.9,1340.3,98.3,0.9,79.5,59.9,174.6,94.9,545.5,29.4,226.2,96.6,2,494.6
85,273.1,1.5,6.8,-0.4,8.3,38.5,218.3,502.1,193.7,60,6.5,0.4,51.2,218.7,96.2,81.9,761.3,800.7,1376.2,98.3,0.9,78.7,59.6,169.4,92.1,541.4,29.3,219.4,96.6,2,477.2
86,274.9,1.5,4.3,-0.4,8.2,39.2,222.1,513.8,192.4,60,7.1,0.5,63.2,218.4,96.1,82.7,762.8,799.7,1383.6,98.3,0.9,79.1,59.8,167.3,96.3,581.7,36.3,226.6,96.6,2.1,511.2
87,272.4,1.2,0,-0.4,7.5,39.6,224.4,515,193.1,60,6.8,0.4,74.6,215.8,96.1,81.9,785,799.7,1377.8,98.3,0.9,78.7,60,168.5,92.9,612.7,41.4,233.6,96.7,2.1,514.7
88,274.8,0.7,0,-0.4,7.6,37.9,229,515,195.1,60.3,6.5,0.4,57.9,217.6,96.1,82,791.2,798,1356.1,98.3,0.9,78.5,60.2,169.9,87.7,556.5,31.8,219.7,96.7,2.3,513
89,270,0.2,0.2,-0.4,7.4,26.2,236.3,515,198.5,61,6.1,0.4,44.3,221.2,96.1,82.1,782.3,798.2,1340,98.3,0.9,78.1,60,173.7,92.3,520.6,26.4,205.3,96.7,2.7,514.8
90,268,0.7,0.6,0,7.4,25.9,233.4,515,197.3,61,6.1,0.4,52.6,224.7,96.1,81.9,789.4,798.2,1342.4,98.3,0.9,78.3,59.9,173,92.4,530.7,27.8,206.2,96.8,2.2,513.3
91,194.7,0.4,0,0.2,5.3,19.8,168.8,515,163.4,52.6,4.3,0.2,61.2,220.3,78.1,93.3,727.4,868.4,1479.2,78.5,1.5,83.5,61.5,134.6,101.2,436,33.2,213.2,96.6,2.2,442.1
92,265.7,0,0,-0.4,6.9,13,246.2,515,173.5,55.7,8.7,0.5,55.6,215.8,96.8,83.6,747.4,813,1614.1,95.4,0.9,79.7,59.6,164,95.3,563.8,33.1,226.8,96.6,1.9,507
93,274.7,0.3,0,0.8,7.1,13.3,253.1,515,177.5,57,9.8,0.6,50.6,206.8,96.8,80.7,724.6,797.7,1408.1,97.4,0.8,75.6,60,162.4,92.3,564.2,33.1,231.5,96.6,2.4,493.7
94,276.9,0.7,0,7.8,7.1,13.1,248.2,515,179.3,57,8.9,0.5,49.9,210,96.8,81.2,739.8,799.2,1403.2,97.4,0.8,75.7,60.4,165.5,94.3,568.3,33.4,232,96.1,2.7,505
95,270.4,0.7,0,12.7,6.8,12.5,237.6,500.6,176.9,57,8.7,0.5,50.8,208.7,96.8,86.5,723.4,798.6,1410.1,97.4,0.9,79.8,59.9,161.9,95.4,565.9,33.5,234.5,95.8,3.9,492.6
96,260.4,0.7,0,17.7,5.9,11.8,224.3,495,187.1,59.6,8.3,0.5,47.4,202.5,96.8,85.6,736.5,798.5,1406.9,97.4,0.9,79.6,59.7,161.4,96.7,567.8,33.3,241.4,95.6,3.1,500.5
97,258.8,0.7,0,21.9,5.9,11.5,218.8,495,189.9,60,7.9,0.5,58.7,192.6,96.8,82.6,758.8,799.3,1403.8,97.4,0.9,77.3,59.6,161.4,90.8,534.7,28.3,231,95.6,2.9,505.6
98,258.8,0.7,0,21.9,6.4,11.5,218.3,495,190.5,60,7.6,0.4,56.8,199.4,96.8,84.9,761,798.8,1391.7,97.4,0.9,78.6,59.2,160.5,91.1,534.6,28.2,227.9,95.6,2.8,503.3
99,258.8,0.7,0,21.2,6.5,11.5,218.8,495,190.5,60,6.9,0.4,55.3,200.5,96.8,84.2,772.2,798.7,1379.9,97.4,0.9,78.8,59,162.6,94.6,536.9,28.5,229.7,95.9,2.5,511
100,258.7,1.7,0,16.7,7.4,11.7,221.4,495,189.7,60,6.8,0.4,54.9,199.8,96.8,84,775.4,799.3,1376.7,97.4,0.9,79,58.8,162.9,93.7,538.7,28.4,232.9,96,2.8,510.4
101,260.6,1.7,0,16.8,7.4,11.7,222.9,497,189.7,60,7.2,0.4,51.4,201.2,96.8,87.1,769.2,798.6,1371.1,97.4,0.9,82.1,59,161.4,95.9,540.6,29,235.5,95.9,2.4,502.1
102,269.2,1.2,0,16.8,7.2,12.2,231.8,502,193.9,60,7.4,0.4,55.9,201.8,96.8,83.7,765.5,798.9,1382.6,97.4,0.9,79.1,59.2,162.2,91,543.4,29.1,231,96.1,2.3,496.7
103,274.9,1.3,0,12.2,8,20,233.5,509.4,200.7,60.8,7,0.5,62.3,217.5,96.8,81.7,771.8,798.9,1379.7,97.4,0.9,76.7,59.3,164.3,91.3,537.5,29,212.2,96.1,2.5,491.2
104,272,1.3,0.1,6.6,8.3,12.8,242.9,509.6,204,62,6.3,0.4,59.8,221.5,96.8,83.1,780.3,792.2,1330.9,97.4,0.8,77.2,59.2,165.9,92.7,534.9,28.7,212.2,96.2,2.9,480.4
105,270.3,1.3,0,8.7,8.3,28.7,223.2,508.2,206,62,6.2,0.5,54.6,218.3,96.8,83.3,804.7,795.4,1323.1,97.4,0.8,78.7,59.4,169.8,94.3,534.4,28.3,221.1,96.2,2.4,494.4
106,269.1,1.2,0,11.3,8.3,24.8,223.5,510,194.2,60.1,6.3,0.4,52.9,202.1,96.8,79.7,764.8,790,1337.8,97.4,0.8,76.4,59.4,166.4,94.4,538,28.4,230.8,96.4,1.8,494.1
107,273,1.3,0,6.7,8.4,25.7,231,510,196,60.3,6.7,0.4,52.6,205.2,96.8,80.4,744.7,791.3,1351.1,97.4,0.8,77.9,59.5,165.7,90.2,537.9,28.9,232.2,96.5,2.1,505
108,262.3,1.2,0,6.4,8,24.7,221.9,510.4,201.6,62,6.4,0.4,54.3,210.3,96.8,79.8,749.4,790.8,1339,97.4,0.8,77.1,59.7,168.2,91.9,537.7,28.7,229.3,96.5,2.8,510.4
109,263.2,1.2,0,6.5,8.1,24.7,222.7,510,201.4,61.8,6.5,0.4,51.2,201.8,96.8,79.3,778,791.1,1340.5,97.4,0.8,76.4,59.5,167.2,91.5,540.4,28.8,232.9,96.4,2.3,510.5
110,267,1.2,0,6.6,8.2,29.3,221.7,510,198.3,61,6.7,0.4,46.6,209.6,96.8,83.1,772.8,792,1339.8,97.4,0.8,78.8,59.3,165.4,93.1,569.4,33.3,243.4,96.5,2,509
111,264,1.2,0,6.5,8.1,72,176.2,510.8,199.8,61,6.2,0.4,45.3,212.2,96.8,85,787.8,791.5,1306.6,97.4,0.8,80.6,59.3,167.9,98.5,585,35.6,247.4,96.5,2.4,515.7
112,265.5,1,0,7.5,8.1,42.3,206.6,510,198.6,61,5.9,0.4,49.3,214.8,96.8,85.6,797.7,792.8,1296.3,97.4,0.8,81.7,59.4,168.6,94.9,594.3,36.6,248.5,96.5,2.4,510.1
113,265,0.7,0,3.6,8.1,42.9,209.6,509.9,199.6,61.4,6.5,0.4,50,211.1,96.8,84.6,769.1,789.2,1314.4,97.4,0.8,80.2,59.2,165.7,94.9,589.2,35.7,248.2,96.5,2.5,494.9
114,277.1,0.7,0,-0.4,8.5,45.6,222.7,505,204.8,62,5.9,0.4,59.4,212.9,96.8,80.3,780.4,786.7,1293.2,97.4,0.8,77.1,59.6,170.9,92.3,578.7,34.2,239.8,96.6,2.1,498.5
115,271.2,0.7,0,-0.4,8.3,43.4,219.2,505,204.6,62,6.1,0.4,57,207.9,96.8,80.2,770.5,788.2,1299,97.4,0.8,77.3,59.4,168.3,92.8,548.3,29.8,231.4,96.6,2.1,497.4
116,262,0.8,0,0.7,8,37.7,214.8,505,197.6,61.3,6.2,0.4,56.9,207.9,96.8,80,769.2,788.6,1296.1,97.4,0.8,77.4,59.4,168.5,93.2,547.4,29.8,230.3,96.4,1.9,505.1
117,266.3,1.2,0,4.7,8.2,29.6,222.6,505,196.2,61,6.2,0.4,53.5,192.1,96.8,80.8,769.2,788,1313.8,97.4,0.8,75.8,59.4,167.9,95.1,549.6,30.2,238.3,96.3,2.1,504.4
118,265.5,1.1,0,7.3,8.2,24.9,224,505,197.7,61,6,0.4,53.6,189.1,96.8,81.2,780.3,787.7,1303,97.4,0.8,75.8,59.4,169.8,94.6,549.1,30.4,237.8,95.8,2.3,504.8
119,257,0.7,0,11.7,7.9,10,226.7,505,194.8,61,6.1,0.4,53.7,192,96.8,82.5,778.2,787.8,1295.6,97.4,0.8,76.4,59.2,169.7,93,548.9,30.4,237.8,95.6,2.4,486.8
120,252.8,0.9,0.1,13.4,7.8,48.3,182.3,486.5,193.3,61,7.2,0.4,57,195.5,96.8,85.1,731.7,787.4,1342.2,97.4,0.8,78.8,59.1,160.6,93.9,550.3,30.3,237.8,95.5,2.1,474
121,257,1.2,0,11.4,8.4,9.4,226.5,489.1,192.4,61,7.7,0.5,57.7,193.9,96.8,82.8,733.9,786.9,1348.3,97.4,0.8,77.3,59.3,161.6,92.7,550.4,30.1,235.6,95.5,2.1,481.9
122,263.6,1.2,0,12.4,8.5,9.7,231.9,497,196.7,61,6.6,0.4,54.6,192.5,96.8,79.4,758,786.3,1329,97.4,0.8,74.2,59.7,166.4,93.6,546.9,29.9,235.3,95.6,2.5,494.3
123,259.5,0.9,0,16.7,7.4,9.4,225,497,195.7,61,6.5,0.4,54.9,189.5,96.8,81.2,764.3,786.6,1317,97.4,0.8,75.5,59.4,165.8,92.1,544.9,29.5,236.3,95.7,2.5,497.2
124,260,0.9,0,16.8,7.4,9.4,225.5,497,194.4,61,6.9,0.4,54.2,190.5,96.8,83.2,752.9,787.8,1318.9,97.4,0.8,78.3,59.3,164.1,94.7,548.8,30,240.3,95.8,2.4,497.3
125,258.4,1.1,0,13.7,7.7,9.4,226.5,497,194.3,61,6.8,0.4,54.4,187.7,96.8,81.4,755.8,786.4,1311.6,97.4,0.8,77.2,59.2,164.4,92.9,546.7,29.5,237.7,95.9,2.4,496.7
126,260.7,1.5,0,10.7,8.2,9.6,230.6,497,195.4,61,6.9,0.4,54.4,186.8,96.8,83.3,758.6,787.7,1312.6,97.4,0.8,78.8,59.1,164.2,93,547.8,29.8,240,96,2.5,498
127,256.7,1.7,0,7.5,8.6,14.3,224.6,508.5,197,61,6.7,0.4,51.7,189.7,96.8,79.5,757.8,787.8,1323.3,97.4,0.8,74.9,59,166.5,93.4,546.3,29.5,236.8,96.1,2.4,504.1
128,263.4,1.8,0,6.4,8.9,26.4,219.9,510,194,61,7.7,0.5,52.6,192.8,96.8,81.7,725.8,786.6,1350.7,97.4,0.8,76.1,58.8,160.8,93,539.3,28.8,235.2,96.1,2.2,487.5
129,267.5,1.8,0,6.6,9,12.5,237.6,511.4,195.2,61,7,0.4,50.5,194.8,96.8,80.8,736.9,786.5,1342,97.4,0.8,76.2,59.3,163.9,96.7,545.6,30,234.6,96.1,2.2,501.2
130,274.8,1.6,0,8.2,9.1,13.1,242.8,514.4,194.3,60.1,6.4,0.4,41.2,209.1,96.8,85.3,737.6,788,1322.5,97.4,0.8,80.3,59.4,165.1,94.3,565.5,32.9,247.7,96.3,2.6,506
131,263.7,0.9,0,11.9,8.1,31.1,211.7,510,194.4,60,6.5,0.4,57.8,215.4,96.8,88.4,755.5,789.1,1308.4,97.4,0.8,84,59.5,164.5,96.1,596.9,38,250.4,96.5,2.8,508.9
132,259,0,0,16.7,7.2,11.8,223.4,510,198.8,61.4,5.9,0.4,54.4,206.9,96.8,85.2,761.6,791.3,1316.3,97.4,0.8,82.6,59.8,165.9,88.6,554.7,31.2,243.9,96.5,3.1,518
133,259.6,0,0,17.6,6.8,11.8,223.4,513.8,192.6,60,6.1,0.4,45.3,201.9,96.8,86.8,754,791.6,1314.8,97.4,0.8,83.2,59.9,165.4,94.9,543.1,29.4,241,96.4,2.7,516.5
134,264.6,0,0,18.3,6.4,12,227.9,515.1,193.5,60,6.1,0.4,45.4,200.1,96.8,86.1,764.1,792.6,1312,97.4,0.8,81,59.9,167.4,95.8,545.5,29.6,239.7,96.4,2,516.3
135,250.9,0.1,0,13.2,6.5,11.6,219.5,515,184.7,59.4,7.7,0.5,52.9,197.9,96.8,87.9,739.9,802.1,1397.1,97.4,0.9,81.7,59.4,160.4,95,540.9,29.1,232.5,96.4,1.9,479.2
136,267.4,0.9,0,8.5,7.8,12.5,237.6,496.6,187.7,60,7.8,0.5,53.8,196.3,96.8,85,730.8,791.9,1369.6,97.4,0.8,80.1,60.2,161.6,91.3,541,29,234.7,96.5,2,473.4
137,264.8,1.5,0,6.4,8.1,12.4,236.3,487,185.6,60,8.3,0.5,56.2,194.3,96.8,86.8,713.5,792.2,1381.7,97.4,0.8,81.1,60.2,157.9,92.3,538.3,28.8,232.6,96.6,2.2,459.2
138,258.8,2,0,1.1,9,73.9,172.8,482.4,186.8,60,8.2,0.5,56.5,193.2,96.8,83.9,726.2,791.9,1382.2,97.4,0.8,79.2,60.3,160.2,93.4,535.9,28.6,229.9,96.5,3.2,466.3
139,254.9,2,0,0.8,8.9,51.5,191.7,460,183.7,60,8.9,0.6,56.9,192.3,96.8,82.8,723,792.1,1385.9,97.4,0.8,79,60.4,161,92.5,534.2,28.1,229.5,96.6,3.3,489
140,259.7,1.8,0,0.5,8.8,26.8,221.8,460,185,60,8.5,0.5,52.1,196.4,96.8,80.7,727.4,790.8,1375.2,97.4,0.8,77.6,60.9,164.4,93.5,540.7,29.6,234.1,96.7,3.3,496.2
141,265.7,1,0,3.8,8.2,12.6,240.1,485.5,186.5,60,8.1,0.5,49.7,200.8,96.8,83.8,726.1,791.3,1367.6,97.4,0.8,80,61,163.9,94.9,561.7,32.7,241.9,96.7,3.4,492.7
142,256.8,0.5,0,4,7.2,12.3,232.9,495,183.8,60,8.7,0.6,53.6,201,96.8,83.5,730.2,792.2,1373.9,97.4,0.8,79.2,61,163.5,94.6,570.7,33.1,243.4,96.6,2.9,496.5
143,262.1,0,0,8.2,6.7,12.4,234.9,499.5,185.2,60,8.7,0.5,54.3,201.8,96.8,84.1,733.3,789.8,1363.4,97.4,0.8,79.2,61.3,165,94,569.9,33.5,242.9,96.7,2.8,498.1
144,253.8,0.1,0,21.8,5.7,19.8,206.3,502.1,190.2,60,6.4,0.4,48.7,204.6,96.8,86.7,759.9,783.9,1284,97.4,0.8,81.2,60.8,168.5,96.8,569.5,33.7,246.2,96.7,3.2,516.1
145,244.1,0.7,0,22.7,5,46.1,169.5,500,188.5,60,7.4,0.4,50.4,204.8,96.8,89,740.6,791.2,1342,97.4,0.8,83.3,60.1,163,91.3,571.5,33.5,245,96.7,3.1,504.5
146,243,1.1,0,18.1,5,57.2,161.7,503.9,186.8,60,7.4,0.4,50.3,200.7,96.8,87.8,734.4,791.2,1353.3,97.4,0.8,81.9,59.8,161.7,94.1,577.5,34.2,241.9,96.7,2.3,503.4
147,247.5,0.5,0,19.2,5.1,11.1,211.6,508.5,187.4,60.3,7.2,0.4,51.2,200.6,96.8,85.4,743.2,791.1,1350.2,97.4,0.8,79.9,59.7,163.9,94.6,573.7,34.1,240.1,96.8,2.4,508.7
148,249.5,0,0,21.2,5,26.3,197,510,191.5,60.5,7,0.4,50.4,199.3,96.8,86.7,748.8,791.3,1338.9,97.4,0.8,80,59.6,162.8,95.3,573.1,33.7,240.3,96.7,2.5,509.4
149,254.6,0,0,21.7,4.7,11.4,216.9,510,194.3,61,7,0.4,51.9,198.6,96.8,86.5,755,791.3,1344,97.4,0.8,80.2,59.3,162.7,95.1,573.9,34,240.3,96.6,2.6,509.2
150,258.7,0.9,0,14.7,5.3,16.6,221.2,510,194.2,61,7.3,0.5,50.4,197.8,96.8,82.8,762,791.1,1357.2,97.4,0.8,76.9,59.2,164.6,96.5,573.6,34.7,236.8,96.2,2.5,509.5
151,247.8,1.2,0,15.8,5.1,26.9,198.7,516.9,193.4,61,6.7,0.4,50.4,193.5,96.8,84.4,768,791.5,1362.5,97.4,0.8,77.6,58.9,151.8,92.8,557.1,31.7,237.1,96,2.4,519.1
152,230.4,1.6,0,12.4,5.4,36.2,174.7,509.6,186.1,61,7,0.4,58.6,195.1,96.8,86.2,746.9,791.6,1363.5,97.4,0.8,79.9,58,136.1,92.3,559.1,31.3,242.2,95.9,2.8,513.3
153,235.3,1.5,0,6.2,6.9,22.6,198.1,505,185,61,7.1,0.4,65.7,189.1,96.8,83.7,742.1,792.9,1366,97.4,0.8,79,56.3,133.6,95.7,562.7,31.7,236.8,96,2.6,508
154,107.4,0.2,0,4.2,3.2,5,94.8,505,92.3,30.8,3.1,0.1,41.5,151.3,47.2,83.5,362.8,451.3,684.7,48.5,0.4,76.5,34.2,61.9,114.8,262.9,40.7,239.1,96.3,3.3,248.8
155,-0.1,0,0,-0.4,0,0.1,0.1,505,0,0.2,0.1,-0.1,11.2,55.9,3.5,50.2,8.6,2.2,0,5.2,-0.1,53.3,0.1,0.3,110.4,276,47.2,234.6,96.7,3.8,12.3
156,-0.1,0,0,-0.4,0,0.1,0.1,505,0,0.2,0.2,-0.1,9.3,46.3,3.5,43,7.4,2.1,0,5.2,-0.1,46,0.1,0.3,107.9,504.3,44.7,239.6,96.7,3.8,12.4
157,-0.1,0,0,-0.4,0,0.1,0.1,505,0,0.2,0.2,-0.1,6.7,43.8,3.5,40.2,5.7,2.1,0,5.2,-0.1,42.1,0.1,0.3,95.1,601,36,231.9,96.6,3.8,13.8
158,-0.1,0,0,-0.4,0,0.1,0.1,505,0,0.2,0.3,-0.1,2.3,43.2,3.5,39.3,2.5,2.1,-0.1,5.2,-0.1,39.8,0.1,0.3,92.3,552.2,28.8,228.9,96.6,3.8,15.2
159,-0.1,0,0,-0.4,0,0.1,0.1,505,0,0.2,0.3,-0.1,3.2,42.2,3.5,37.4,3.2,2.1,-0.1,5.2,-0.1,38.4,2.7,0.3,91.3,573.9,31.6,224.7,96.7,3.8,15.1
160,-0.1,0,0,-0.4,0,0.1,0.1,505,0.6,0.3,0.4,-0.1,9.8,41.8,3.5,36.3,10,2.1,-0.1,5.3,-0.1,36.9,22.2,0.3,93,576.7,31.7,230.7,96.6,3.8,15.4
161,238.6,0,0,10.6,7,16.7,204.3,505,184.4,60.2,7.2,0.4,74.6,197.9,90.8,83.8,720.3,779,1458.4,90.1,1.1,74.5,56.8,139.2,58.3,489.9,22.2,184.7,88.1,3.8,462.7
162,279.8,0,0,12.6,8.3,15.5,243.3,507.8,195.7,60,8.6,0.5,55.2,203.1,97.3,82.8,767.4,822.1,1472.2,98.1,1.1,77.8,60.6,163,69.3,473.2,20.3,200.4,85.2,3.8,505.2
163,276.3,0,0,9.5,8.2,15.5,243,510,195.1,60,8.3,0.5,54.5,214.3,97.3,83,771,820.7,1468.7,98.1,1.1,79.2,61.1,166,87.8,501.4,23.9,193.9,85.2,3.8,509.8
164,276,0,0,9.6,8.2,15.5,242.7,507.4,194.1,60,8,0.5,55.9,216.5,97.3,84.1,770.9,819.7,1472.4,98.1,1,80.2,60.2,164.2,94.4,508.7,25.1,197.9,85,3.5,508.9
165,272.6,0,0,9.2,8.1,15.3,239.9,503.8,197.1,60.7,7.4,0.5,56.2,211.2,97.3,83.8,768.7,805.5,1413.2,98.1,1,78.6,59.1,163.3,91.9,508.4,25,205.7,84.7,3.4,508
166,269.8,0.2,0,6.6,8,14.2,240.9,500,196.4,61,7.8,0.5,51.9,205.8,97.3,81.9,753.1,799.2,1399.7,98.1,0.9,77.2,58.7,160.7,96.5,505.8,24.7,205.5,84.7,3.1,500.3
167,268.8,0.6,0,7.4,7.9,11.3,241.6,500,196.1,61,7.5,0.5,52.9,203,97.3,80.2,760.5,799,1400,98.1,0.9,75.2,58.7,161.9,93.9,504.5,24.6,203.8,84.7,2.8,507.1
168,265.4,0.6,0,11.8,7.3,31.9,213.8,500,202.8,61.9,6.5,0.4,53.4,207.7,97.3,81.5,780.3,798.9,1382.4,98.1,0.9,75.3,58.9,165.3,95.5,504.6,24.8,204.1,84.9,3.1,518
169,258.1,0.6,0,10.6,7.1,31.2,208.6,500.4,200.9,62,6.6,0.4,54.6,204.5,97.3,81.1,773.9,793.2,1353.7,98,0.9,75.2,58.9,165.4,92.5,504.8,24.4,209.4,85,3.1,514.1
170,259.6,0.6,0,6.3,7.2,31.9,213.6,507,199.4,62,6.5,0.4,56.8,206.8,97.3,80.9,766.4,793,1315.2,98,0.8,75.2,59,167.1,91.9,504.7,23.8,213.9,85,2.7,508.3
171,260,0.3,0,6.3,7.2,32,214.2,506.4,198.9,61.6,6.5,0.4,60.2,216.7,97.3,81.1,772.4,793.9,1336.4,98,0.8,76.4,59.2,167.2,92,504.8,24.5,189.7,84.9,2.7,505.9
172,270.5,0,0,7.7,7.5,33.2,222.1,508,196.3,60.2,6.2,0.4,45.5,215.3,97.3,80.5,765.6,794.1,1354,98,0.8,76.4,59.4,166.8,92.3,504.7,24.5,212.6,84.9,2.2,508.1
173,259.7,0,0,8.9,7.2,31.7,211.9,508,191.5,60,6.7,0.4,50.8,219.7,97.3,81,767.5,794.2,1351,98,0.8,76.6,59.2,166.5,94.8,527.5,27,216.7,84.9,2.1,507.5
174,264.4,0,0,11.7,7.3,22,223.4,508,192.3,60,6.9,0.4,51.1,211.2,97.3,80.8,770.6,794.2,1369.8,98,0.8,75.5,59.2,166.2,96,531.4,28.1,219,84.9,2,509.2
175,273,0,0.1,12.2,7.5,12.7,240.5,508,193.1,60,7,0.4,59,206.1,97.3,80.8,766.4,794.6,1382.6,98,0.8,75.4,59.1,163.3,92.1,554.7,31.1,221.4,84.9,1.9,507.5
176,272.3,1,0.1,13.7,7,12.5,237.9,508,192.8,60,6.9,0.4,63.5,214,97.3,82.3,765.9,794.6,1378.2,98,0.8,76.7,59,163,95.1,597.2,37.3,234.1,84.9,2.8,507.6
177,267,1.3,0,17.3,6.6,12.1,229.8,508,192.7,60,6.5,0.4,61.3,213.7,97.3,82.3,775.1,790.3,1348.7,98,0.8,77.2,59,164.1,94.3,597.1,37.4,235.9,84.9,3.2,510.4
178,264.8,2.3,0,17.1,6.5,11.9,227,507,190.8,60,7,0.4,58.7,203.3,97.3,82.7,763.8,790,1361.1,98,0.9,78.4,59.3,163,96.1,597,37.4,241.7,84.9,3.8,500.9
179,266.8,1.3,0,20,5.2,12,228.2,506.2,187.9,60,7.4,0.5,61.2,206.3,97.3,82.9,756.1,790.8,1373.1,98,0.9,78.7,59.6,162.8,96.8,596.8,37.2,246.8,84.8,2.9,482.4
180,272.3,0.6,0,20,4,12.4,235.2,500,189,60,7.5,0.5,60.7,202.1,97.3,84.2,751,791.1,1368.4,98,0.9,80.1,60.1,161.6,92.7,563,32.1,238.3,84.8,2.4,499.2
181,263.1,0.6,0,17,3.2,42.9,199.4,500,190.7,60,6.6,0.4,59,213,97.3,81.8,764.6,791.7,1344.2,98,0.9,78.9,60.8,168.8,94.5,542.4,28.8,223.9,84.9,2.4,508.5
182,258.1,0.7,0,17.6,3.3,20.5,215.9,500,187.8,60,7.3,0.5,56.8,201.4,97.3,82.1,749.1,791.9,1366.5,98,0.9,77.9,60.3,164.4,94.1,546.6,29.4,231.5,84.7,3,502.6
183,256.8,1.1,0,21.8,4.2,14.6,214.9,503.9,188.3,60.8,7.5,0.5,57.7,195.9,97.3,82.2,742.1,791.6,1378.1,98,0.9,77.6,60.2,162.6,92.2,548.7,29.3,232.7,85,3,503.5
184,252.6,1.1,0,26.2,4.2,28.7,192.3,505,192.6,61.3,6.7,0.4,53.2,200.5,97.3,84.6,753.6,791.2,1352.4,98,0.9,79.6,60.1,163.3,92.4,550.4,29.7,239.1,85.3,3.1,505.6
185,251.8,1.1,0,21.4,4.9,30,194.3,509.9,197.2,62,6.5,0.4,50.6,197.7,97.3,83.5,767.2,792.9,1353.6,98,0.9,78.8,60.2,165.8,93.7,550.2,29.8,240.1,85.3,3.2,510.2
186,256.6,1.1,0,15,5.5,35.2,199.6,518.3,199.1,61.8,6.2,0.4,49.9,198.2,97.3,81.9,781.8,794.4,1352.1,98,0.9,77.3,60.1,168.3,93.9,552.7,29.7,237.4,85.4,2.8,518.9
187,257,1.1,0,14,5.5,35.5,200.9,520,195,61,6.2,0.4,55.8,210.6,97.3,81.9,783.1,796.1,1351.3,98,0.9,77.7,59.9,168.6,94,550.7,29.7,230.1,85.4,2.5,520.5
188,254,1.1,0,20.4,5.5,31,196,520,194.5,61,6.2,0.4,56.3,207.3,97.3,82.5,782.6,796.4,1356.4,98,0.9,78.4,59.7,167.2,94,547.5,29.5,228.5,85.2,2.2,519.9
189,262.8,1.2,0,27.6,5.6,19.9,208.5,520,196,60.3,6.3,0.4,60,206,97.3,83.3,791.6,795.5,1359.2,98,0.9,77,59.6,165.7,96.1,579.7,35.6,239,84.8,2.1,521.1
190,268.6,1.2,0,17.1,6,27.9,216.4,520,193.9,60,6.5,0.4,55.4,207.3,97.3,83.8,791,795.9,1360.8,98,0.9,77.5,59.3,163.8,96.7,596.8,37.3,243.3,84.8,2,519
191,266.5,1.2,0,9.2,6.8,21.4,228,517.9,189.6,60,6.7,0.4,60.9,213.5,97.3,81.7,788,794.5,1362.3,98,0.8,75.6,59.4,166.9,95.2,597,37.8,231.8,84.9,2,516.8
192,274.9,0.9,0,9.5,7,12.9,244.5,519,190.7,60,6.9,0.4,61,216.9,97.3,81.6,788.1,794.8,1358.9,98,0.9,77.3,59.3,165.9,96.9,596.9,37.6,233.2,84.8,2.5,516.5
193,268.7,0.9,0,3.1,6.9,31.5,226.3,519.3,191.7,60,6.7,0.4,60.2,219.9,97.3,81,787.2,794.1,1344.3,98,0.9,76.6,59.4,168.3,97.3,596.9,37.5,231.3,84.7,2.4,517.3
194,268,0.9,0,3.9,6.9,12.8,243.6,520,191.8,60,6.5,0.4,61.2,217.6,97.3,80.4,789.9,794,1334.1,98,0.8,75.9,59.3,168.6,83.6,532.2,27.9,217.7,94.2,2.6,519.7
195,274.2,0.9,0,9,7,12.9,244.4,520,192.2,60,6.9,0.4,57.8,213.1,97.3,79.8,773.1,794.1,1368.7,98,0.8,75.5,59.2,164.4,95.2,531.7,28.1,212.6,96.1,2.5,512.1
196,264.6,0.6,0,9.1,6.5,12.4,235.9,520,191.9,60,6.7,0.4,56.9,216.3,97.3,80,785.9,793.7,1345.1,97.9,0.8,74.9,59.3,168.1,92.7,532,27.9,214,95.9,2.5,519.9
197,265,0.6,0,9.2,6.5,17.9,230.9,520,192.1,60,6.6,0.4,56.4,215.5,97.3,80,781.6,794.2,1349,97.9,0.8,74.5,59.2,168.2,93.8,530.9,28.1,209.8,95.9,2.3,517.4
198,274.9,0.5,0,8.2,6.7,13,246.6,520,189.1,59,6.4,0.4,58.7,218,97.3,80,783.5,793.7,1344.7,97.9,0.8,74.3,59.1,169.7,93.5,532.2,28.6,209.7,96,1.9,515.2
199,275.2,0,0,4,6.7,13.2,251.2,520,189.7,59,6.4,0.4,59.7,230,97.3,80,785.2,794.7,1336.7,97.9,0.8,74,58.9,171.8,93.8,531.1,28.6,202.8,96,1.8,513.5
200,278.3,0.2,0,4.7,6.7,13.3,253.3,520,192,59.5,6.9,0.4,59.8,222.3,97.3,79.9,779,793.7,1352.6,97.9,0.8,74.3,59.3,169,92.3,528.1,27.8,204,96,2.4,506.8
201,275.4,1,0,12.4,6,19.1,236.9,520,195.7,60,6,0.4,55.6,223,97.3,80.1,795.4,794.1,1337.2,97.9,0.8,74.6,59.4,170.3,93.9,530.7,28.2,210.7,96.1,2.2,518.5
202,261.8,1.6,0,16,5.3,28.7,210.2,518.4,193.1,60,6,0.4,54.9,220.8,97.3,79.9,795.8,795.1,1339.7,97.9,0.9,75.8,59.4,170.7,95.7,532.6,28.6,216.6,96.1,2,519.9
203,264.2,2.6,0,17.9,5,37.9,200.8,515,193.2,60,6.2,0.4,53.8,211.3,97.3,79.8,783.5,795.7,1361.1,97.9,0.9,76.5,59.7,166.7,94.3,537,28.9,223.3,96.2,2.2,515.6
204,254.3,2.9,0,15.1,5.2,72.2,158.8,518.2,192.7,60,6,0.4,50.6,214.5,97.3,80.1,786.5,794.4,1346,97.9,0.8,77.5,60.2,168.1,91.8,533.9,28,227,96.5,2.2,519
205,258.9,2.5,0,14.2,5.6,49,187.7,520,193.2,60,5.7,0.4,49.3,213.4,97.3,79.9,792.5,795.3,1332.9,97.9,0.9,77,60.2,169.9,95.5,541,28.7,228.3,96.7,2.1,520.2
206,266.2,2.2,0,12.6,6,41.7,203.6,520,194.1,60,5.9,0.4,52,207.9,97.3,79.7,776.5,796.3,1352.4,97.9,0.9,75.8,59.9,168.6,91.1,536.7,28.2,224.3,96.7,2,519.6
207,256.2,1.7,0,11.4,6.3,12,224.9,520,185,59.4,7.1,0.4,53.3,210.8,97.3,79.9,755.3,795.8,1368.8,97.9,0.9,75.8,59.8,167.4,93.1,544.2,28.8,223.3,96.7,2,507.6
208,265.3,1.7,0,11.9,6.5,12.3,232.9,520,182.7,58,6.8,0.4,50.2,207.3,97.3,80,761.3,794.2,1354.4,97.9,0.9,75.8,60.1,166.5,92.8,556.5,31,229.3,96.7,2,518.8
209,263.8,1.2,0,12.8,6.5,12.2,231.2,520,179.4,57.7,7.3,0.4,56.8,210.5,97.3,79.6,771.4,794.6,1365.3,97.9,0.9,75.7,60.4,168,95.7,589.6,36.3,232,96.7,2.2,518.1
210,268.2,1.1,0,11,6.5,12.5,237,520,184.1,58.1,6.6,0.4,49,218.2,97.3,79.6,773.7,794.8,1343.7,97.9,0.9,76.8,60.5,168.8,94.6,573.9,33.3,226,97,2.4,519.3
211,267.6,0.6,0,14.9,5.9,12.3,233.8,520,183.6,58,7.1,0.4,51.8,209,97.3,80.2,764.5,795.2,1359.5,97.9,0.9,76.3,60.4,167.7,96.9,574,33.8,229.8,96.5,2.3,518.3
212,268.1,0.6,0,20.1,5.5,12.1,229.7,520,183.1,58.3,7.9,0.5,51.8,201.8,97.3,79.7,752.2,795.7,1389.9,97.9,0.9,74.4,60.4,165.9,94.5,574,33.4,229.1,96.2,2.5,519.7
213,264.8,0.8,0,19.2,5.4,12,227.5,520,189.9,60,7.7,0.5,50.3,199.3,97.3,79.7,756,795.3,1388,97.9,0.9,74.2,60.3,166.4,96.7,574.2,34.3,230.4,95.9,2.9,520.2
214,262.7,1.2,0,16.9,5.5,12,227.1,520,188.9,60,7.9,0.5,54.4,199,97.3,80.2,764.4,795.5,1395.9,97.9,0.9,74.5,60.1,165.2,97.5,574.2,34.6,231.3,95.7,2.5,519.4
215,260.1,1.4,0,16.7,5.9,41.1,195,517.5,190.3,60,7.3,0.4,51.5,205.5,97.3,79.9,768.7,793.7,1376.4,97.9,0.8,74,60.1,166.3,92.4,562.9,32.6,226.4,95.6,2.4,522.1
216,254.8,1.4,0,16.4,5.7,46.4,184.9,515,188.5,60,7.6,0.4,52.7,208.1,97.3,81.8,765.8,793.7,1375.7,97.9,0.8,75.9,59.8,163.7,95.2,568.1,33.4,228.4,95.7,2.7,515.9
217,257,1.2,0,17.9,5.3,26.3,206.4,520,193.2,61,6.8,0.4,64.6,207.5,97.3,80.1,790.8,794.2,1352,97.9,0.8,75.4,59.7,167.3,91.3,533,28.3,210.8,95.7,2.8,520.6
218,256.8,1.2,0,17.6,5.3,32.3,200.4,520,194.3,61,6.5,0.4,58.6,210.9,97.3,80.8,785.9,793.8,1339.6,97.9,0.8,76.7,59.4,165.8,91.7,524,27,209.3,95.8,2.2,520.2
219,254.8,1.1,0,16.4,5.7,30.3,201.2,520,193.4,61,6.5,0.4,53.8,212.4,97.3,79.9,775.1,793,1337,97.9,0.8,75.8,59.3,167.1,91.9,524.1,26.4,209.1,95.9,2.2,521.9
220,259.2,1.2,0,16.4,5.8,35.4,200.5,520,195.4,61,6.3,0.4,55.1,214.6,97.3,80.4,784.3,793.8,1348.6,97.9,0.8,76.2,59.1,165.3,92,524.1,26.6,209.4,95.9,2.1,519.5
221,255.3,1.1,0,15.1,5.7,35,198.3,520,193.6,61,6.6,0.4,56.5,212.9,97.3,80.4,784.4,794.2,1360.8,97.9,0.8,75.3,59.1,166.8,93.8,524.1,27.4,208,96,2.2,519.6
222,260,1.2,0,16.5,5.9,31.3,205.1,520,194.8,61,6.4,0.4,56.3,211.8,97.3,80.6,789.6,793.6,1351.5,97.9,0.8,75.3,59,166.5,93.2,524.1,27.6,209.3,96,2.1,519.9
223,262,1.2,0,14.2,5.9,25.3,215.4,520,194.3,61,6.7,0.4,53.5,209.7,97.3,79.8,782.8,794.9,1367.1,97.9,0.8,73.9,58.9,167.3,95.3,524.1,27.2,210.3,96,2.1,520.4
224,264.9,1.2,0,16.8,6,36.1,204.8,520,197.6,61,6.5,0.4,50.3,199.2,97.3,79.9,784.8,793.5,1370.7,97.9,0.8,74,59.1,164.7,90.6,521.7,26.8,218.2,96.1,2,518.9
225,266.3,1.7,0,18.3,5.8,36.1,204.5,520,197.7,60.8,6.9,0.4,49.2,198.6,97.3,80.2,782.9,793.5,1374.8,97.9,0.8,75,59.2,162.8,94,528.2,27.3,224.2,96.1,2.1,513
226,232.6,1.6,0,15.1,5.2,77.4,133,520,183.4,59,6.1,0.4,59,200.4,90.4,85.4,738.2,808.6,1374.3,89.4,0.9,78.7,59.6,145.8,99,516.8,36.8,234.3,96,2.6,478.4
227,241.5,2,0,16.3,5.3,213.7,4.1,520,199.3,60,5.9,0.4,56.9,217.2,96.8,83.6,813.7,798,1347.9,96.5,0.9,80,59.5,166.7,94.6,593.5,37.8,229.1,96.3,2.8,532.8
228,251.9,1.6,0,15.5,5.7,176.1,52.9,520,200.1,60,5.6,0.4,58.5,219.8,96.8,84.1,812.4,798.9,1347.9,96.5,0.9,80.7,59.6,166.1,96.7,596.5,38.2,227.4,96.6,2.5,531.7
229,263.8,1.7,0,18.4,6.5,35.6,201.6,520,196.7,60,6,0.4,58.7,223.2,96.9,85.4,799.3,794.2,1323.9,96.5,0.9,81.4,59.3,163.2,95.5,596.5,37.5,236,96.7,2.5,520.7
230,264.8,1.1,0,22.4,7.1,35.1,199.1,520,192.4,59.3,6.4,0.4,50.3,215.7,96.9,84.7,787.6,795.4,1324,96.5,0.9,80.3,59.2,165.1,89.4,551.3,30.9,232,96.7,2.2,518.7
231,266,0.9,0,25.3,7.3,34.9,197.6,520,187.5,58,6.3,0.4,43.7,207.9,96.9,81.1,780,795.8,1329.5,96.5,0.8,77,59.2,166.9,94.3,529.7,27.8,224.1,96.7,1.9,520.3
232,266.7,0.9,0,25.6,7.4,34.9,197.9,520,187.9,58,6.2,0.4,43.9,210.4,96.9,82,763.5,794.7,1324.2,96.5,0.8,77.6,59.1,166.6,92.5,537.3,28.7,228.1,96.8,2.2,519.7
233,264.6,1.2,0,30.2,7.3,30.5,195.3,520,187.1,58,6,0.4,41.7,212.8,96.8,82.8,762.7,794.7,1327.6,96.5,0.8,78.7,59.2,165.5,94.5,540.5,28.9,228.4,96.9,2.4,520.7
234,261,1.4,0,27.2,7.2,48.8,176.4,520,190,58.9,5.8,0.4,42.1,212.2,96.8,83,766.9,793.9,1321.8,96.5,0.8,80,59.3,166.3,92.5,542.5,29.1,229.2,96.6,2.5,491
235,266.6,1.5,0,25.1,7.9,35.6,196.6,520.1,190,59,6.5,0.4,43.9,210.3,96.8,83.5,768.9,798.3,1362.1,96.5,0.9,80.1,59,162.4,94,545.5,29.4,225.5,96.3,2.4,519.4
236,245.5,1.6,0.1,21.3,7.9,138.4,76.2,520,190.5,59,6.6,0.4,44.4,210.4,96.8,82.1,779.2,800.2,1378.5,96.5,0.9,78.8,59.2,164.2,95,546.4,29.6,226,96.5,2.4,523.1
237,238.1,1.5,0,23.4,7.3,140,65.8,520,190.6,59,6.2,0.4,48.6,218.9,96.8,84,792.8,799.3,1357.4,96.5,0.9,79.6,59.1,164.9,95.5,566,33.5,230.8,96.5,2.4,528.9
238,254.3,1.4,0,28.8,7.8,32.9,183.4,520,188.4,59,6.2,0.4,57.3,230.1,96.8,93,791.5,799.8,1336.5,96.5,0.9,85.6,59,161.8,96.2,606.7,39.4,237.7,96.3,2.4,522.2
239,262,1.1,0,27.5,7.7,22.9,202.7,520,187.2,59,6.7,0.4,47,217.3,96.9,88.1,771.2,798.3,1355.7,96.5,0.9,82,59.2,162.5,95.4,589.8,36.2,239.3,95.9,2.4,512.4
240,265.4,0.6,0,27.2,9,11.4,217.2,520,190.6,59,6.3,0.4,43.1,219.5,96.9,88,793.5,796.8,1327.5,96.5,0.8,81.3,59.1,164.7,94.9,581.9,34.8,241.3,95.8,2.6,512.4
241,270,0.7,0,22.8,9.1,11.9,225.5,520,191.2,59,6.8,0.4,50.9,201.3,96.9,79.8,782.8,798.6,1372.1,96.5,0.8,74.5,59,165.2,90.7,536.9,28.5,225.6,95.7,2.5,514.7
242,272.1,0.7,0,20.4,9.7,12.1,229.2,520,190.5,59,7.4,0.5,49,198.8,96.9,79.4,762.6,798.2,1392.7,96.5,0.8,73.8,59.2,162.2,93.3,535.1,28.2,223.1,95.8,2.4,512.7
243,267.7,0.7,0,20.7,9.5,11.8,225.1,520,191.3,59,6.9,0.4,49,205.5,96.9,80.2,778.8,797.6,1372.9,96.5,0.8,74.3,59.4,164.7,93,533.6,27.9,218.2,95.8,2.2,519.7
244,274.9,0.7,0,23.4,9.3,12.1,229.5,520,192.6,59,6.7,0.4,46.4,201.7,96.9,80,778.9,797.8,1376.2,96.5,0.8,74.7,59.3,164.3,94.6,535.1,28.3,223.9,95.9,2.2,516.6
245,269.4,0.6,0,22.9,9.1,11.8,224.9,520,191.5,59,6.1,0.4,47.2,208.5,96.9,80.2,785,797.8,1353.2,96.5,0.8,75.3,59.4,168.8,95.8,537.1,28.9,220.4,95.9,2.1,519.5
246,275.6,0,0,23.6,9.3,12.1,230.7,520,191.6,59,6.4,0.4,49.9,204.4,96.9,80.1,773.1,797.3,1361.1,96.5,0.8,75,59.3,165.9,91.8,533.4,28.4,218.2,95.9,2.1,507.4
247,268.1,0.1,0,22.8,9,36.4,199.7,520,192.8,59,6.1,0.4,48.9,206,96.9,79.6,788.5,798.9,1361.8,96.5,0.8,74.6,59.3,168.9,94.4,533.6,28.3,216.6,95.9,2.2,518.5
248,264.8,0.7,0,23.5,8.4,59.8,172.5,520,193.8,59,6.1,0.4,49.3,209.8,96.9,79.8,782.3,798.2,1362.6,96.5,0.8,74.9,59.2,167.2,92.5,535.5,28.2,222.9,96.1,2.3,516.6
249,261.7,0.6,0,24.6,8.3,44.6,183.5,520,190.9,59,6.4,0.4,49.7,207.3,96.9,80,773.1,799.2,1371.7,96.5,0.8,75.4,59.1,166.4,93.6,537.9,28.8,220.8,96.1,2.2,500
250,262.9,0.6,0,23.6,8.3,68.9,161.4,520,191.9,59,6.4,0.4,48.8,202.5,96.9,79.7,770.8,802,1389.6,96.5,0.9,76.2,59.3,165.9,92.7,541.7,29.3,224.4,96,2.2,517.9
251,270.1,0.7,0,23.3,8.6,26.9,210.6,520,192.4,59,6.3,0.4,49.1,201.2,96.9,79.6,776.1,801.6,1379.6,96.5,0.9,76.6,59.7,167.6,92.5,539,29.2,225,96.3,2.4,517.5
252,261.9,0.6,0,23.7,8.3,61.2,168,520,192.8,59,6.2,0.4,45,199.9,96.9,80.2,778,800.7,1369.9,96.5,0.9,76.7,59.9,168.7,93.6,540.5,29.3,226.7,96.6,2.8,518.5
253,258.5,0.6,0,25.8,8.2,55.8,168,520,192.1,59,6.1,0.4,44.7,203.9,97,80.2,780.6,799.8,1352.2,96.5,0.9,76.8,59.9,169,92.4,537.1,28.7,222.7,96.6,2.5,521.3
254,267.6,0.7,0,28.3,8.5,36.9,193.2,520,193.3,59,6.5,0.4,39.8,198.5,97,81.7,765.3,800.9,1369.3,96.5,0.9,77.5,59.7,166.7,94.2,545.9,30,228.8,96.6,2.4,519.9
255,268.7,0.2,0,30.9,8.5,22.1,207,520,192.4,59,6.6,0.4,48,200.2,97,80.8,783.8,799.9,1366.4,96.5,0.9,76.8,59.8,167.4,92.5,558.8,31.7,229.8,96.7,2.4,521
256,267.1,0.2,0,29.7,8.7,29.7,198.8,520,192.9,59.4,6.2,0.4,55.1,197.2,97,80.5,794,798.9,1352.5,96.5,0.9,76.4,59.9,168.3,96,574,34.2,228.9,96.8,2.4,519.4
257,264,0.9,0,25.1,8.6,29.8,199.6,520,196.2,60,5.9,0.4,55.1,201.1,97,80.8,804.2,799.4,1347.7,96.5,0.9,76.7,59.9,169.5,94.6,586.4,36.2,226.9,96.8,2.5,519.7
258,270.5,0.7,0,25.7,8.8,30.6,204.6,520,198,60,6,0.4,46.5,208.4,97,82.4,785.9,799.6,1362.7,96.5,0.9,78,59.8,166.7,95.1,596.6,37.1,232.9,96.9,2.5,519.1
259,267.5,0,0,25.4,8.8,30.3,203,520,195.8,60,6.8,0.4,49.7,206,97,83.7,775.8,800.2,1378.6,96.5,0.9,78.8,59.5,164,95.7,596.6,37.2,232.5,96.9,2.5,521.3
260,266.8,0,0,25.3,8.7,30.3,202.4,520,195.4,60,6.8,0.4,52,203.6,96.9,84.2,775.6,799.9,1384.1,96.5,0.9,78.1,59.6,163.7,96.3,596.6,38,231.1,96.5,2.2,519.4
261,269.5,0,0,25.6,8.8,30.6,204.5,520,196.7,60,6.6,0.4,49.1,204.4,96.9,83.6,779.4,798.7,1377.1,96.5,0.9,77.5,59.6,165.7,95.9,596.7,38,231.6,96.1,2.2,520.3
262,269.5,0.1,0,25.6,8.8,30.5,204.3,520,197.4,60,6.9,0.4,48.2,204.8,96.9,84.7,782.3,799.9,1381.3,96.5,0.9,78,59.5,164.6,95.4,596.8,38,232,95.9,2.3,519.8
263,265.8,0.7,0,25.2,8.7,24.7,206.6,520,194.7,60,6.6,0.4,52.2,203.9,96.9,83.2,794.6,799.3,1383,96.5,0.9,76.9,59.3,164.7,95.2,596.9,38.3,230.9,95.9,2.5,519.3
264,264.8,0.7,0,19.9,9.7,14.1,220.4,520,199.9,60,6.8,0.5,46.8,218.4,96.9,82.8,769.1,799.6,1396.6,96.4,0.9,75.9,59.1,164.6,96.5,596.9,38.2,220.7,95.9,2.6,504.9
265,259.2,1.8,0,21,9.4,13.6,213.3,512,203.1,60,8,0.5,41.1,206.6,96.9,83.2,712,799,1450.6,96.4,0.9,76.2,58.9,157.4,94.1,596.9,38,219.9,95.8,2.3,472.4
266,264.2,2.3,0,25.1,9.2,13.7,214,489.9,193.1,60,8.3,0.5,68.4,193.7,96.9,81.6,759.2,797.6,1415.1,96.4,0.8,76.5,58.9,157.2,88.8,554.9,31.3,213.6,95.9,1.6,493.2
267,271.8,2.2,0,22.7,9.6,10.4,227,497,190.1,60,9.1,0.5,66.5,192,96.9,81.7,742.9,798.3,1423.9,96.4,0.9,76.8,58.9,154.3,93,552.8,30.9,218.4,96,1.6,483.9
268,278.9,1.8,0,21,10.3,9.8,235.9,497,193.3,60,8.3,0.5,59.9,194.2,96.9,79.9,760.6,799.1,1418.9,96.4,0.9,75.2,59.4,157.4,95.7,552.8,30.7,220.1,96.1,3.4,492.7
269,280.8,1.4,0,16.6,11.2,10.1,241.4,502,194.3,60,8.4,0.5,56.7,193.2,96.9,81.4,758.8,798.7,1423.8,96.4,0.9,75.9,59.2,157,93.5,553,30.7,219.1,96.1,3.7,488.7
270,274.6,0.8,0,10.4,11.9,36.5,215,510,194.9,60,7.9,0.4,55.6,194.7,96.9,82.1,767.7,797.3,1400.5,96.4,0.9,76.9,59.1,158.6,93.4,552.8,31.1,220.4,96.2,3.5,462.2
271,258.9,0.6,0,1.8,11.6,14,230.9,513.1,185.3,60,7.6,0.4,66.2,209.7,96.9,80.1,769.7,793.3,1368.6,96.4,0.8,75.3,59.1,163.6,95,552.7,31.1,204.2,96.2,3.1,518.8
272,262.6,0,0,6.5,9.4,24.6,222.1,515,189.9,60.6,7.7,0.4,56.7,208,96.9,79.8,757.2,793.8,1372.6,96.4,0.8,74.6,59.1,163.5,92.9,537.7,28.6,200.6,96.3,3.1,513.9
273,269.2,0,0,18.5,5.7,13.6,231.2,515,198.4,62,7.8,0.4,50.2,198.5,96.9,80.3,753.3,794.1,1386.9,96.4,0.8,76,59,160.2,94.1,539.2,29.5,213.2,96.3,2.9,507.3
274,271.8,0,0,15.8,4.2,22.4,229.3,512.9,201.4,62,7.3,0.4,42.9,200.4,96.9,81.2,748.6,791,1355.4,96.4,0.8,77.6,59.3,162.8,94.8,550.2,30.9,225.3,96.4,2.9,505.3
275,278.4,0,0,8.9,4.5,20.1,244.9,510,205.9,62.1,6.9,0.4,46.8,207.3,96.9,83.2,758.3,790.3,1337.6,96.4,0.8,79,59.4,162.5,94.1,560.3,31.8,224.5,96.5,3.2,503.7
276,269.7,0,0,1.2,7.2,13.1,248.2,511.7,209.3,62.8,6.4,0.5,49.3,211.3,97,85.3,774.8,786.6,1291.7,96.4,0.8,82.1,59.4,163.5,94,566.1,32.9,230.8,96.7,3.8,509.3
277,269.1,0,0,12.6,7.2,12.5,236.8,512,199.9,61.2,6.1,0.4,54.3,214.7,97,85,768.1,784.3,1286,96.4,0.8,79.6,59.2,164.8,98.5,608.2,40.2,227.4,96.6,2.1,512.4
278,267.6,0,0,22.4,7.1,11.9,226.1,513.9,192.3,59.4,6.4,0.4,53.6,218.6,97,87.5,778.6,789.7,1308.1,96.4,0.8,81.8,58.9,163.2,97.2,618.3,42.2,227.9,96.8,1.9,513
279,261.4,0,0,28.6,6.9,11.3,214.5,515,188.5,58.9,6.9,0.4,58,215.5,97,86.8,776.6,791.2,1310.2,96.4,0.8,81.8,58.8,163.1,93.8,611.9,40.9,226.3,96.8,2.1,514.9
280,266.1,0,0,15.7,5.5,37.9,207,515,187.9,58.4,7.1,0.4,47.4,206.2,97,80.6,769.4,790.5,1317.7,96.4,0.8,76.6,59.4,168.2,87.7,523.5,27.4,208,96.9,2.5,509.7
281,265.3,0,0,29.2,5.2,16.9,214.1,515,187.8,58.5,7,0.4,44.5,195.5,97,80.9,770.4,790.3,1322.7,96.4,0.8,76.6,59.4,165.8,90.5,541.6,29.1,215.2,96.9,2.4,513.5
282,258,0,0,34.7,3.7,17.5,202.2,515,187.7,58.5,6.7,0.4,43.3,199.3,97,81.4,768.7,791.2,1316.8,96.4,0.8,78.2,59.5,166.2,94.5,542.8,29.2,217.1,96.7,2.4,516.3
283,266.9,0,0,36.1,3.8,11.4,215.7,515,190.2,58.5,6.4,0.4,43,199.6,97,81.4,783.9,792,1319.8,96.4,0.8,77.5,59.6,168,92,538.5,28.8,217.2,96.4,2.3,515
284,265.2,0,0.1,35.8,4.4,20.4,204.4,515,189.5,58.2,6.5,0.4,53.6,198.5,97,82.1,794.2,793.3,1330.3,96.3,0.8,76.3,59.4,167.8,96,555.7,31.7,217,96.3,2.2,500
285,260.1,0.3,0,33.6,5.4,15.7,205.1,515,186.3,58,6.8,0.4,55.1,211.4,96.9,88.4,788.1,792.1,1324.1,96.4,0.8,81.4,59.1,163.5,95.1,593.9,38.2,227.2,96.3,2.1,528.4
286,265.4,0.9,0,26.1,6,11.6,220.8,515,186.7,58,7,0.4,52.2,210.6,96.9,85.8,774.2,792.2,1339.8,96.4,0.8,79,58.9,162.9,97.1,596.9,38,226.8,96,2.4,517
287,256.7,0.6,0,29.4,5.8,29.9,191,515,185.4,58,6.9,0.4,50,215.6,96.9,87.3,765.7,791.8,1335.9,96.4,0.8,80.1,58.8,162.7,96.5,597,38.1,227.2,95.7,2.4,516.1
288,260.1,0.6,0,29.8,5.9,22.1,201.6,515,185.8,58,6.4,0.4,46.8,220.5,96.9,88.2,769.2,791.1,1316.9,96.4,0.8,81.3,58.8,163.7,97.6,596.9,38,230.8,95.9,2.4,523.6
289,263.2,0.5,0,30.2,6.1,14.7,211.6,515,185.9,58,6.9,0.4,48.6,213.7,96.9,88.8,757.4,790.9,1332.4,96.3,0.8,81.6,58.9,161.4,95.4,597,37.8,230.1,95.9,2.3,514.7
290,256.6,0,0,28.8,6.7,79,142,515,186.4,58,7,0.4,48.3,213.8,96.9,86.4,769.5,790.7,1334,96.4,0.8,79.9,59,162.6,94.9,597,37.7,228.9,95.8,2.3,515.6
291,259.8,0.2,0,27.2,7.4,52.1,172.8,515,187.3,58,6.9,0.4,60.4,208,96.9,84.5,784.9,790.5,1329.1,96.3,0.8,78.2,59,162.8,87.2,568.7,33.6,219.7,95.9,2.4,514.7
292,260.4,0.7,0,27.7,4.6,31.1,196.3,515,185.8,58,7,0.4,49.1,201.9,96.9,83.3,770.8,791.4,1338.3,96.4,0.8,78,59,162.8,93.4,545.5,30.1,216.5,96,2.6,513.1
293,258.4,0.6,0,27.8,1.5,32.8,195.6,515,186.3,58,6.8,0.4,49,204.6,96.9,82.7,784.9,791.1,1324,96.3,0.8,78.1,59,164.9,93.7,552.9,30.6,217.2,96.1,2.4,517.3
294,264.6,0.3,0,26.9,7.3,46.8,183.4,515,187.5,57.6,7,0.4,49.2,202.6,96.9,82.3,779.8,790.7,1329.3,96.4,0.8,77.5,59,165.5,92.2,553,31,218.6,96.3,2.2,515.7
295,273.9,0.7,0,26.1,9,11.4,226.7,515,182.4,57,7.6,0.4,53.1,193.3,96.9,79.2,758,790.3,1360.8,96.4,0.8,73.6,58.8,163.4,94.3,553.1,31.2,217.6,96.1,2.1,516.5
296,273.2,0,0,26.1,10.1,9.5,227.6,515,182,57,7.8,0.4,54.8,192.9,96.9,79.9,759.7,790.1,1363.4,96.4,0.8,74.6,58.8,161.5,93.8,553,31,216.7,96.1,2.5,512.2
